Label,slice,Saturated,J.D.-2400000,JD_UTC,JD_SOBS,HJD_UTC,BJD_TDB,ALT_OBJ,AIRMASS,CCD-TEMP,EXPTIME,RAOBJ2K,DECOBJ2K ,Source-Sky_T1,Source_Error_T1,Source_AMag_T1,Source_AMag_Err_T1,Peak_T1,Source-Sky_C2,Source_Error_C2,Source_AMag_C2,Source_AMag_Err_C2,Peak_C2,Source-Sky_C3,Source_Error_C3,Source_AMag_C3,Source_AMag_Err_C3,Peak_C3,Source-Sky_C4,Source_Error_C4,Source_AMag_C4,Source_AMag_Err_C4,Peak_C4,Source-Sky_C5,Source_Error_C5,Source_AMag_C5,Source_AMag_Err_C5,Peak_C5,Source-Sky_C6,Source_Error_C6,Source_AMag_C6,Source_AMag_Err_C6,Peak_C6,Source-Sky_C7,Source_Error_C7,Source_AMag_C7,Source_AMag_Err_C7,Peak_C7,Source-Sky_T8,Source_Error_T8,Source_AMag_T8,Source_AMag_Err_T8,Peak_T8,Source-Sky_T9,Source_Error_T9,Source_AMag_T9,Source_AMag_Err_T9,Peak_T9,Source-Sky_T10,Source_Error_T10,Source_AMag_T10,Source_AMag_Err_T10,Peak_T10,Source-Sky_T11,Source_Error_T11,Source_AMag_T11,Source_AMag_Err_T11,Peak_T11
calibrated-T17-msp_jpalmerio-RR_Nor-20230518-193419-V-BIN1-E-060-001.fit,1,64233.7109375,60082.8992404975,2460082.8992404975,NaN,NaN,0,NaN,1.49258627545,-35,60,NaN,NaN,964391.768765155,901.412393094659,10.5750344593254,0.0011730328585813,63658.7109375,675541.6872304309,759.4314391750258,11.04,0.0012198789558737,60757.59765625,402663.62264271075,594.9026406854509,11.83,0.0016029028468217,38672.30859375,506861.79372841766,662.1334085164256,11.06,0.0014174141085004,44473.52734375,497529.7092053053,657.393505775481,11.08,0.0014336526714388,42750.58984375,384533.712805106,582.1967184045961,11.85,0.0016425972486472,32304.244140625,475441.4490765963,642.7144848094946,11.31,0.0014667361179489,40910.23828125,979251.7751940468,908.9454507448577,10.558432277918605,0.00116695083378,64233.7109375,135879.21825089506,369.32512905994156,12.702785597714666,0.0030052303456893,12588.2705078125,403052.54740770685,595.2300427895906,11.522264020791823,0.0017070386875688,33064.43359375,106277.15463567815,333.9433155262555,12.969568400442476,0.0034566546529967,9138.2412109375
calibrated-T17-msp_jpalmerio-RR_Nor-20230518-193535-V-BIN1-E-060-002.fit,2,64839.23046875,60082.90011447901,2460082.900114479,NaN,NaN,0,NaN,1.48746700917,-35,60,NaN,NaN,931323.5813988374,886.2332968693786,10.613281258648739,0.0011887831216121,63658.7109375,672790.331665416,757.6501435350991,11.04,0.0012219934172262,64839.23046875,403470.2375948949,595.5018291675457,11.83,0.0016013107317249,40766.53515625,508343.0926329768,663.222619909845,11.06,0.0014156098321356,45374.796875,499022.8671507788,657.6662340105818,11.08,0.0014299583715151,54302.90234375,384688.3963977954,582.0956685116449,11.85,0.0016416524877155,41477.90234375,475245.25124190346,642.5969100320766,11.31,0.001467072982501,42335.16796875,955013.0128720087,897.6293787398857,10.58600953441007,0.0011778044949325,64233.7109375,136971.89402159222,371.1223862619313,12.694454104695737,0.0029960916228078,14091.552734375,405410.399388853,597.0191130253014,11.516295545535291,0.0017027040308527,35601.35546875,106635.75748197577,334.67731510776537,12.966275611845816,0.0034526837108671,11136.37109375
calibrated-T17-msp_jpalmerio-RR_Nor-20230518-193649-V-BIN1-E-060-003.fit,3,63943.51171875,60082.90097187506,2460082.900971875,NaN,NaN,0,NaN,1.48249413744,-35,60,NaN,NaN,927707.9466870931,884.6198504542514,10.616601546670825,0.0011908508458141,63943.51171875,675963.1675718112,759.7693319708546,11.04,0.001219660873285,60260.8203125,400943.10373028857,593.345274020174,11.83,0.0016055650542814,37741.25390625,506516.1551623021,662.3810803431381,11.06,0.0014189108983778,45122.30078125,494671.60583842493,654.8611466381586,11.08,0.0014363796843917,45416.1875,386931.35338605195,584.6252770429215,11.85,0.0016392307747935,38330.67578125,476087.61671891937,643.1097350856563,11.31,0.0014656469075145,40699.77734375,946040.4299776102,893.6859074024094,10.595355496540101,0.0011824781344166,63249.34765625,136165.7794386992,369.96034084532766,12.699959797588278,0.0030041448696329,13331.8330078125,402902.04694745044,594.7837783478852,11.522131053973963,0.0017065344145973,37281.15625,107432.57576930427,335.4510549486707,12.957289767644138,0.003435613729226,10289.06640625
calibrated-T17-msp_jpalmerio-RR_Nor-20230518-193804-V-BIN1-E-060-004.fit,4,64053.24609375,60082.90183693264,2460082.9018369326,NaN,NaN,0,NaN,1.477526208,-35,60,NaN,NaN,935872.422528539,888.1893301640021,10.609648591007597,0.0011862175743655,64053.24609375,679570.9121208093,761.8679306973553,11.04,0.0012165386224119,59949.875,404207.9734092263,595.992575426366,11.83,0.0015997065122531,38225.82421875,507776.96175689175,663.3071155765311,11.06,0.0014173675289587,48153.07421875,495943.2680410035,655.6828650480952,11.08,0.001434495612159,44017.1328125,386366.3903148949,582.9673767933273,11.85,0.0016369740528622,32710.240234375,474191.67032215884,641.9505456542971,11.31,0.0014688524359805,43551.34375,961246.8945946938,900.8198520510723,10.580602841694244,0.0011750180865746,63249.34765625,136314.09778781983,369.67700550868204,12.701338282446962,0.0029986452974939,13007.9755859375,403541.52795158036,595.4658976867962,11.522969630999738,0.0017056026076595,37490.67578125,107398.04104440947,336.9165110223738,12.960199316536833,0.0034511010577887,9666.0009765625
calibrated-T17-msp_jpalmerio-RR_Nor-20230518-193917-V-BIN1-E-060-005.fit,5,62353.00390625,60082.90268553235,2460082.9026855323,NaN,NaN,0,NaN,1.47270494079,-35,60,NaN,NaN,946832.2661971486,893.4968496408424,10.592941628360522,0.0011818380233177,62353.00390625,675330.2327469744,759.4962404706345,11.04,0.0012203647656857,51443.98046875,400681.69539821893,594.0443294753054,11.83,0.0016085032084213,30765.44921875,506161.0450628963,662.0623280162812,11.06,0.0014192228771674,36980.87109375,494185.52763705933,654.7755725027566,11.08,0.0014376038051765,38002.515625,385671.18836999213,583.2610332362327,11.85,0.0016407480465372,29504.96875,475007.97892771306,642.855128743652,11.31,0.0014683947269969,36114.8671875,978722.3694041425,909.4898229401076,10.556975465542985,0.0011683250721354,62296.234375,136116.7362274448,369.26607366115576,12.698845434041703,0.0029998830494422,10929.4912109375,402772.1019794167,595.1709766339773,11.520975798145471,0.0017081977224139,29871.02734375,106665.54922118675,334.9822467512278,12.963563817193307,0.0034549693953942,8592.25
calibrated-T17-msp_jpalmerio-RR_Nor-20230518-194032-V-BIN1-E-060-001.fit,6,66394.234375,60082.90354908584,2460082.903549086,NaN,NaN,0,NaN,1.46784300617,-35,60,NaN,NaN,923313.5099464293,882.730002865286,10.624786142620337,0.0011927035945473,63974.5390625,678615.2275291049,761.0620792028101,11.04,0.0012169630362809,66394.234375,402245.7289333677,594.2369113831754,11.83,0.0016027725998416,38407.60546875,509145.1854224557,664.2673042566122,11.06,0.0014156060280529,46800.58984375,494994.8989960214,655.4507872608611,11.08,0.0014367337952484,50006.02734375,387424.3958020691,583.566047078427,11.85,0.0016341822688822,36766.48046875,476905.20560510666,643.4778192901255,11.31,0.001463972810511,43145.30078125,951018.3648264069,896.2295927800047,10.592686859289877,0.001179843174078,63249.34765625,136238.0796818419,369.5313825339209,12.702412834453185,0.0029990744109618,15192.2021484375,403781.5997283221,596.1315536074704,11.522792807359899,0.0017063122495487,37165.61328125,107588.49262821535,335.7570701083021,12.958744561005403,0.0034336498400159,9863.080078125
calibrated-T17-msp_jpalmerio-RR_Nor-20230518-194146-V-BIN1-E-060-002.fit,7,63565.3515625,60082.904413310345,2460082.9044133103,NaN,NaN,0,NaN,1.46302424778,-35,60,NaN,NaN,952115.9055970253,895.5996806321749,10.59305839310101,0.0011780061355069,63565.3515625,681580.4904488679,762.8236382964528,11.04,0.0012144744824394,51534.203125,401425.4579088334,593.8771026304644,11.83,0.0016050735398747,30940.5625,507434.40438636567,662.5121591545197,11.06,0.0014166250208274,35340.60546875,497193.26028067304,657.047962562835,11.08,0.0014338686012691,36161.16796875,388174.5440773032,584.3977486919647,11.85,0.0016333493790903,28923.96484375,477936.80080099753,644.4659277086578,11.31,0.0014630567264329,33345.46875,995294.0738499364,915.8242413402218,10.54490439840441,0.001158806130145,62296.234375,136660.6012306029,370.4382679066987,12.700674626326943,0.0029971401928042,10215.4267578125,406105.9755286513,597.3329672654405,11.518184494346013,0.0017005907759229,29187.416015625,107673.36561415973,336.36073730862483,12.959512223236686,0.0034369387513119,8465.27734375
calibrated-T17-msp_jpalmerio-RR_Nor-20230518-194301-V-BIN1-E-060-003.fit,8,65539.546875,60082.905274317134,2460082.905274317,NaN,NaN,0,NaN,1.45827421527,-35,60,NaN,NaN,907225.1537067796,874.808964611539,10.647863587411221,0.0012001897687068,64580.68359375,673812.6387227259,759.0290765487604,11.04,0.0012223598746046,65539.546875,402799.9352033421,594.9446901954875,11.83,0.0016024739805776,46984.5078125,512404.74146859336,665.974686645363,11.06,0.0014102198643994,52549.4453125,500349.90562209865,659.11219892688,11.08,0.0014293018496503,56271.234375,389680.4621957074,587.431260091848,11.85,0.0016354813824933,44568.8984375,481147.4047453718,646.9855191340848,11.31,0.0014589785414263,46576.33984375,941746.6658178847,892.6034342953246,10.607316066572306,0.0011846660692936,63633.39453125,137643.1076457668,371.4736929968397,12.695265121376096,0.0029845493513778,14596.4267578125,412340.0714358541,601.6633233313826,11.504012440226722,0.001688595674018,43758.00390625,107705.28274271547,336.4549041832053,12.961558781919738,0.0034368530946318,12774.181640625
calibrated-T17-msp_jpalmerio-RR_Nor-20230518-194415-V-BIN1-E-060-004.fit,9,64350.7265625,60082.90612765029,2460082.9061276503,NaN,NaN,0,NaN,1.45360845865,-35,60,NaN,NaN,914824.4257438334,878.4566812366637,10.608099327044355,0.0012004861014237,63565.3515625,659816.4800385709,751.1892739115591,11.04,0.0012353881704897,47677.859375,391403.48486145027,586.5464371441192,11.83,0.0016258363349797,28146.888671875,496442.79334126075,655.5057386880526,11.06,0.0014326662915427,37141.59765625,484671.5710241073,649.2474249459715,11.08,0.0014534372599787,34506.76953125,380362.5531489297,578.693073617318,11.85,0.0016506108152903,28837.318359375,464948.6608263971,636.368584226906,11.31,0.0014850155914335,34339.79296875,971166.2564144019,904.9035045546415,10.54320974572769,0.0011737797161796,64350.7265625,133520.20455057427,365.7629746462872,12.69757623383594,0.0030292414243107,10513.1611328125,395438.74817251426,590.3202709041718,11.51874564978599,0.0017257161286013,30910.107421875,104800.41675314322,332.6828972133061,12.960536182137833,0.0034922201098002,7902.62109375
calibrated-T17-msp_jpalmerio-RR_Nor-20230518-194529-V-BIN1-E-060-005.fit,10,65500.0078125,60082.9069853127,2460082.9069853127,NaN,NaN,0,NaN,1.44896705988,-35,60,NaN,NaN,896884.9295117306,869.7265932103094,10.665609163865076,0.0012042926271969,64005.75390625,673619.8195775395,758.3330340962998,11.04,0.0012215889552153,65500.0078125,405826.2023206983,597.0204971936693,11.83,0.0015960784100472,45021.625,515513.17609198426,667.3626818446209,11.06,0.0014046415442965,58804.11328125,502285.740983635,659.6052930745118,11.08,0.0014248613267154,50245.83984375,392945.3848990211,587.9653798735842,11.85,0.0016233761714023,42108.81640625,484489.3631185351,648.207855266096,11.31,0.0014516569554088,51719.72265625,940510.2492933086,891.6265927768457,10.614042148585389,0.001183788937919,64350.7265625,138292.49762473817,372.89551354765905,12.695454429647043,0.0029815854387406,15673.775390625,410924.33824771945,600.204849120104,11.513046319173236,0.0016893465206609,47116.9609375,108253.68199247087,336.51129925515306,12.961344288336061,0.0034201638926112,12277.4833984375
calibrated-T17-msp_jpalmerio-RR_Nor-20230518-194643-V-BIN1-E-060-001.fit,11,64350.7265625,60082.90784143517,2460082.907841435,NaN,NaN,0,NaN,1.44437918273,-35,60,NaN,NaN,936939.9042177051,888.6210058296459,10.619728644752641,0.0011840205435234,63565.3515625,684146.4652456321,763.9153450177621,11.04,0.0012116525855844,46619.4921875,405144.92398958886,596.4280170516965,11.83,0.0015971749124167,27701.80859375,513496.4431787359,666.2442870763992,11.06,0.0014077929606564,36539.91796875,501151.3893833341,659.3660001932536,11.08,0.0014275666244605,35111.41015625,391750.684117478,586.826365484398,11.85,0.0016251711331989,27000.044921875,483258.69239976705,648.271765021769,11.31,0.0014554946744376,33278.16015625,1004325.1015980857,919.6920090227109,10.544322191138974,0.001153328652836,64350.7265625,137471.44122513037,371.7951268737304,12.70347677016842,0.0029901265552082,10356.1923828125,405898.45367114706,596.9804489678652,11.527964492523768,0.0016995589709325,29306.990234375,107461.49361845836,334.921455963985,12.970875803108976,0.0034287726990575,7305.59814453125
calibrated-T17-msp_jpalmerio-RR_Nor-20230518-194757-V-BIN1-E-060-002.fit,12,64449.66015625,60082.908707060385,2460082.9087070604,NaN,NaN,0,NaN,1.43978536687,-35,60,NaN,NaN,894922.6594941211,869.0431473982819,10.669782676606486,0.0012053464774029,62928.11328125,673839.4757471232,758.8294889557415,11.04,0.001221989991659,64449.66015625,404990.2018080319,596.0108064741856,11.83,0.0015966677937414,45691.375,514179.2263664001,666.4804739249545,11.06,0.0014064228341565,48476.30078125,506519.9471295787,661.8000848299785,11.08,0.0014176565325013,59141.38671875,395933.13481150643,589.9151373339927,11.85,0.0016164738264792,45342.89453125,484140.93230216636,648.7090744527077,11.31,0.0014538235305159,47623.921875,948386.687487893,894.5093586974094,10.606782815179221,0.0011789930166355,64350.7265625,138640.44128712223,371.5811632248902,12.694521607936913,0.0029642410440964,16254.3388671875,405864.0264507487,596.4858557971103,11.528295039175445,0.0016983816401304,37643.56640625,108545.73885641804,336.8190267626991,12.960214490131628,0.0034141845130871,11871.048828125
calibrated-T17-msp_jpalmerio-RR_Nor-20230518-194912-V-BIN1-E-060-003.fit,13,64794.9765625,60082.909565972164,2460082.909565972,NaN,NaN,0,NaN,1.43527369296,-35,60,NaN,NaN,910976.906248332,876.7227727899067,10.652309003355237,0.0011968138027999,63676.12890625,687988.7962853285,765.7753243490473,11.04,0.0012078214422357,61386.8828125,405304.25702876435,596.1969989085899,11.83,0.0015959295467849,34398.11328125,514396.97115467594,666.770946195623,11.06,0.0014064401846031,41250.15625,503893.9432696728,660.2497751548398,11.08,0.0014217036289388,42800.734375,390036.4425119782,586.0391717723561,11.85,0.0016301205199973,35343.859375,483011.5455704735,647.5860573135101,11.31,0.0014546996198147,38584.2421875,976813.2116758565,907.30272118307,10.576548609811653,0.0011651900268507,64794.9765625,136790.20481672988,369.8301387538478,12.710939922585595,0.0029890155922211,11521.5419921875,404504.42162194056,595.3828030539423,11.53376923906788,0.0017004169393763,30798.88671875,108158.81032393921,335.2663236832288,12.965922667970698,0.0034106057099161,9492.2861328125
calibrated-T17-msp_jpalmerio-RR_Nor-20230518-195026-V-BIN1-E-060-004.fit,14,66175.828125,60082.91043148143,2460082.9104314814,NaN,NaN,0,NaN,1.43077117122,-35,60,NaN,NaN,883813.535967297,863.8028482771941,10.68682078796828,0.0012108281077461,63676.12890625,676381.5372730403,760.3729947432635,11.04,0.0012198748058032,66175.828125,405913.63581446663,596.7983157749736,11.83,0.0015951414511188,43964.15234375,519131.5493313057,669.2767477516671,11.06,0.001398855428426,53858.7421875,509690.6325109163,664.3459735934385,11.08,0.0014142594610044,53876.95703125,394363.1708798382,588.8524340960539,11.85,0.0016199828161706,45732.26171875,483676.8418586778,647.7243038765298,11.31,0.001453009936871,44760.16796875,952127.4390079888,896.1280875335622,10.605984706884456,0.0011766173090421,64794.9765625,137911.65972290203,370.2768082291718,12.703719946914214,0.002969042903304,16537.232421875,406820.1919233425,597.2828899211191,11.529216158769504,0.0016965220302124,40827.9296875,107990.06067489568,336.6815515912059,12.96926294669651,0.003429687372605,11753.953125
calibrated-T17-msp_jpalmerio-RR_Nor-20230518-195140-V-BIN1-E-060-005.fit,15,64794.9765625,60082.91128253471,2460082.9112825347,NaN,NaN,0,NaN,1.42638565038,-35,60,NaN,NaN,904611.5651274453,874.0068153409019,10.659849819960785,0.0012005264636107,63373.2265625,687542.6056557926,766.2034157507917,11.04,0.001209280109442,58385.91015625,404958.50105296273,596.4985051884056,11.83,0.0015980983403849,34739.4609375,516576.1210530622,668.0757481864745,11.06,0.0014032498989802,46123.87109375,502716.9339966216,659.8257605691798,11.08,0.0014241155157615,44133.2578125,389128.4691719232,585.9462772088258,11.85,0.0016336625006077,36354.75390625,483510.684768121,647.7220543771322,11.31,0.0014535038810263,39764.3125,963560.5830481161,901.2864996215822,10.591307594953149,0.0011714702201487,64794.9765625,135940.49436902988,369.80574298610736,12.717633046890281,0.0030068291519135,13181.158203125,405028.7965219137,596.2685637202945,11.532290405437841,0.0017008045932453,35400.70703125,108092.94060462104,335.32718339867705,12.96651182999419,0.0034132707228226,9530.30078125
calibrated-T17-msp_jpalmerio-RR_Nor-20230518-195254-V-BIN1-E-060-001.fit,16,66942.96875,60082.912146411836,2460082.912146412,NaN,NaN,0,NaN,1.42197887555,-35,60,NaN,NaN,899573.9257827379,871.346614811469,10.671233416436312,0.0012018908750439,63803.6640625,691703.9448864976,767.8651038698365,11.04,0.0012046144085764,66942.96875,408317.0733828857,598.1387392022223,11.83,0.001589318024022,41317.30859375,519001.8186419246,669.1717855739663,11.06,0.0013989855688485,50501.8359375,505736.2314420768,661.1443797082375,11.08,0.0014184461153502,49442.6796875,390694.35879312747,586.1316378579783,11.85,0.0016276340851319,34130.7890625,483640.3187377802,647.6499170100745,11.31,0.0014529528209985,46455.09375,963386.3025898495,901.2669182061153,10.596824395579794,0.0011706245112196,64794.9765625,137480.69642419036,370.3366109919554,12.710721255058772,0.0029781802153007,14033.453125,407279.65615550143,597.412800820227,11.53159377021218,0.0016947030577173,38861.5078125,108157.23622086839,336.0639028793803,12.971186610999627,0.0034182312241727,9878.8984375
calibrated-T17-msp_jpalmerio-RR_Nor-20230518-195409-V-BIN1-E-060-002.fit,17,63994.69140625,60082.91300752293,2460082.913007523,NaN,NaN,0,NaN,1.4176301919,-35,60,NaN,NaN,900984.279869793,872.2342229575636,10.664161374673121,0.0012022768025698,63492.2578125,684019.8184726161,764.3626059093825,11.04,0.0012125859382835,63762.1015625,406391.73104561644,597.0775696248614,11.83,0.0015940112142406,41226.22265625,519152.2218375246,670.0213669496044,11.06,0.00140035502581,46961.30078125,502205.2853277541,659.4752316767642,11.08,0.0014248086307187,49544.5234375,389775.07827172446,585.6998748627365,11.85,0.0016302690704627,35039.90234375,482749.6823834477,646.7520686463923,11.31,0.0014536149948433,44395.9140625,973622.4617003539,905.8759633258244,10.579977947119309,0.0011667461547188,63994.69140625,136717.46534596503,369.60405962498766,12.711394413038086,0.0029888162260497,14295.7373046875,407185.06678416487,597.5847288724449,11.526474803187018,0.0016961097867582,37316.8828125,108740.01689337632,336.02882821530983,12.959980918314677,0.0034004419253291,9990.2431640625
calibrated-T17-msp_jpalmerio-RR_Nor-20230518-195522-V-BIN1-E-060-003.fit,18,63994.69140625,60082.91385069443,2460082.9138506944,NaN,NaN,0,NaN,1.41341075999,-35,60,NaN,NaN,881654.080654533,863.0652886784685,10.682451556406845,0.001213223257649,63492.2578125,671418.8549335633,757.4133008197514,11.04,0.0012241055591745,63762.1015625,405025.3766464222,595.9280224260284,11.83,0.0015963076414018,44389.07421875,519153.25126822817,669.6235974341728,11.06,0.0013995214436089,50982.77734375,501403.874078386,658.9419035921122,11.08,0.0014259311075958,55995.3984375,389091.97183511074,585.2394609753512,11.85,0.001631846263599,39232.81640625,483785.0198568569,647.5713626669527,11.31,0.001452342470137,45627.8046875,954386.5007273373,897.4987164641951,10.596386391646988,0.0011768160219251,63994.69140625,135803.40231437207,369.12101784116425,12.713420484864454,0.0030046340904158,16197.900390625,405352.8486795756,596.0707960435057,11.526114037680802,0.0016995409996443,38372.3125,108810.46257939952,337.2010841378835,12.95402046978393,0.0034100353602365,10795.9423828125
calibrated-T17-msp_jpalmerio-RR_Nor-20230518-195637-V-BIN1-E-060-004.fit,19,64308.1875,60082.91471655108,2460082.914716551,NaN,NaN,0,NaN,1.40912307308,-35,60,NaN,NaN,882078.068650015,863.2106665256775,10.691391004736111,0.0012116204713465,62831.59765625,687562.3614936726,765.5486465599782,11.04,0.0012082125805866,64308.1875,407130.0328705076,597.3025057758139,11.83,0.0015917216856243,38989.83984375,522289.5629086678,671.5960726017288,11.06,0.0013952179244068,44121.44921875,502625.2338307987,659.6322788556198,11.08,0.0014239577665648,48122.08203125,390326.90104649885,585.9175764387217,11.85,0.0016285706653173,38336.53125,485937.82401006384,649.5699756960012,11.31,0.0014503721486362,43845.80078125,974113.5889580374,905.9793299070707,10.583634560736225,0.0011657424108139,63994.69140625,139135.7615461349,372.20687504873854,12.696561641729069,0.0029585310412072,13077.60546875,407449.66890645924,598.0227417055326,11.529973642226562,0.0016957783050642,34771.80078125,109606.35197257594,337.4816354172748,12.955569256882754,0.0033883045593374,10548.7626953125
calibrated-T17-msp_jpalmerio-RR_Nor-20230518-195750-V-BIN1-E-060-005.fit,20,63994.69140625,60082.91555925924,2460082.9155592592,NaN,NaN,0,NaN,1.40499064647,-35,60,NaN,NaN,889805.2064471854,867.1601365825281,10.673063244859273,0.0012090872304195,62831.59765625,682266.6019718187,763.1557467104923,11.04,0.0012137817617214,58743.09765625,403363.59826135804,595.015866417198,11.83,0.0016004276251446,35096.8984375,518682.3458304722,669.3644072142471,11.06,0.0014002493802059,41117.77734375,499157.0647500589,657.2896623353744,11.08,0.0014287561640004,43720.6328125,386685.9867503269,583.6043723910814,11.85,0.0016374079716486,34082.92578125,481373.97180413315,647.4006329992831,11.31,0.0014592273384734,37949.51953125,982053.1361238528,910.0491853944832,10.565963134111913,0.0011639501567969,63994.69140625,136220.99222157584,369.2114184862446,12.710690502989642,0.0029964934855899,11586.3935546875,403807.43118656724,595.457765782904,11.530864834003834,0.001703728560097,30106.623046875,107247.31829731129,335.65285682727483,12.970334497476124,0.0034428102692198,9130.955078125
calibrated-T17-msp_jpalmerio-RR_Nor-20230518-195904-V-BIN1-E-060-001.fit,21,65195.9921875,60082.91641921317,2460082.916419213,NaN,NaN,0,NaN,1.4008122508,-35,60,NaN,NaN,887284.1116926415,865.3635462276444,10.684357990731426,0.0012085868261173,62831.59765625,690169.8563683729,766.7466805298212,11.04,0.0012055330141717,65195.9921875,403989.5771272513,596.5586000303774,11.83,0.0016020896436493,38944.39453125,522833.6400907685,671.5083431379416,11.06,0.0013935849994915,45629.16796875,503114.31259981386,659.7324971566795,11.08,0.0014227904308315,43819.0546875,390303.13834008435,585.8294600670474,11.85,0.0016284249900722,34710.17578125,483685.44631375966,648.1933449280642,11.31,0.0014540355611863,40855.43359375,984307.0459504494,910.6407438033237,10.571688267977171,0.0011612696799325,63912.6015625,137255.8329256111,369.8689305072768,12.710687728742277,0.0029793944480653,11931.2587890625,407604.87624957995,598.1421939005418,11.528916325509691,0.0016955907914069,32688.482421875,109066.90696732714,336.6211615759489,12.96028225993854,0.0033961716998067,10031.814453125
calibrated-T17-msp_jpalmerio-RR_Nor-20230518-200018-V-BIN1-E-060-002.fit,22,66126.078125,60082.91727175936,2460082.9172717594,NaN,NaN,0,NaN,1.396712564,-35,60,NaN,NaN,866188.7202015849,855.2618745983067,10.712612340372859,0.0012198797644757,62831.59765625,682685.3685906192,763.0543128109758,11.04,0.0012128764912039,66126.078125,406779.42613511335,597.1259850307669,11.83,0.0015926221370683,42173.5,525627.7341523673,673.781365020148,11.06,0.0013908709589861,57023.26953125,503327.8623429573,661.5106992384078,11.08,0.0014260179296373,53206.44140625,394001.2936471179,589.1083713090615,11.85,0.00162217383154,41568.44921875,487550.8296394273,649.7849420666589,11.31,0.0014460550284085,46531.33203125,951862.2471352776,896.0817206251203,10.610208394814647,0.0011763163128987,63912.6015625,137616.97312548882,371.23855814185674,12.709963646774451,0.002982369524142,16032.7509765625,410327.1746410616,599.5194932648768,11.52381795053642,0.0016889511516429,40843.06640625,108988.27689745818,337.61945407049734,12.963194184007175,0.0034082398822966,11387.4990234375
calibrated-T17-msp_jpalmerio-RR_Nor-20230518-200132-V-BIN1-E-060-003.fit,23,63912.6015625,60082.91813667817,2460082.918136678,NaN,NaN,0,NaN,1.3925935623,-35,60,NaN,NaN,885049.0584041392,864.6441502768299,10.693359644052961,0.0012092261900451,61732.5703125,691384.7795751069,768.10750580365,11.04,0.0012055504291325,62236.58203125,405914.92120799614,596.4866730806862,11.83,0.0015943040489952,35393.32421875,525529.8963923433,673.4224672151406,11.06,0.0013903892034037,48879.15625,505161.52996618755,660.6951176955445,11.08,0.0014190944377246,46695.59765625,396034.6873019247,589.9017376620661,11.85,0.0016160229525777,35190.4296875,487392.01741821907,649.8535254007028,11.31,0.0014466784743168,40951.71875,977427.2805410379,907.9087526466798,10.585566864331925,0.0011637921274418,63912.6015625,139746.91838129555,372.68159260398033,12.697422405359262,0.0029493862323301,14039.8603515625,409816.5575166098,599.5849544218735,11.52930425273926,0.0016904506001826,35744.98046875,109687.96605020907,337.10259063172197,12.960380546459223,0.0033818881141116,9916.6357421875
calibrated-T17-msp_jpalmerio-RR_Nor-20230518-200246-V-BIN1-E-060-004.fit,24,63560.0234375,60082.91898890026,2460082.9189889003,NaN,NaN,0,NaN,1.38857546572,-35,60,NaN,NaN,891397.0276529598,867.422203750197,10.679691376974866,0.0012062748986244,63560.0234375,684407.4304923026,763.9226561067394,11.04,0.0012112024241217,56520.48828125,405536.4508035785,595.7299536312684,11.83,0.0015937678749905,34802.27734375,522751.69093121804,671.6639849338724,11.06,0.0013941261722223,41546.5625,501617.81800829316,658.8119611865521,11.08,0.0014250424484664,40801.5859375,395798.92092371575,589.3762285952098,11.85,0.0016155454495464,33791.9453125,484961.62703583937,647.8634141157562,11.31,0.001449474142065,38545.94921875,987628.4128517619,912.3269915877446,10.568385392097813,0.0011597121029832,63027.125,136836.15786096134,370.5941061264072,12.714367152503133,0.0029937052706683,11085.3564453125,405257.8381634351,596.391664071695,11.535540772568645,0.0016996805517293,30586.71484375,108362.69421207128,334.9022752851419,12.967669845187297,0.003400562661122,9436.1953125
calibrated-T17-msp_jpalmerio-RR_Nor-20230518-200400-V-BIN1-E-060-005.fit,25,61524.5703125,60082.91985046305,2460082.919850463,NaN,NaN,0,NaN,1.38455230175,-35,60,NaN,NaN,903050.2889018438,872.573883602365,10.667299087898176,0.0011996192177187,60737.0234375,686372.637271435,764.8647149676443,11.04,0.0012092249993463,45703.6484375,406959.3812904019,597.6656544205497,11.83,0.0015933560903399,26786.748046875,522396.71434249857,671.175937068454,11.06,0.0013940598496204,35327.28125,503088.4957860843,659.4235705640631,11.08,0.0014221975614622,35419.73828125,395055.9942972279,589.16204474096,11.85,0.0016179935499239,29806.509765625,485920.46365979017,649.1517457370593,11.31,0.001449490689073,30396.3984375,1015480.6748014707,924.459462537564,10.539899770301929,0.0011470209140452,61524.5703125,138315.08514843756,371.92036154575896,12.70440505656006,0.0029730738410301,10412.5029296875,409309.8345723853,598.3975634342635,11.526448478511917,0.0016897295600804,26194.357421875,108621.59757467375,336.15039862476544,12.966788462698371,0.0034049058137549,7460.28271484375
calibrated-T17-msp_jpalmerio-RR_Nor-20230518-200515-V-BIN1-E-060-001.fit,26,64369.5078125,60082.92071759235,2460082.9207175924,NaN,NaN,0,NaN,1.38054462936,-35,60,NaN,NaN,875944.768875462,859.8455114486643,10.707121530345656,0.0012132420351192,64369.5078125,686358.2058598711,764.7824476431695,11.04,0.0012091204182665,62149.19140625,409305.1265101256,598.4192635401922,11.83,0.0015862272888424,39757.62890625,528817.7244417252,675.334700542693,11.06,0.0013856712897718,50356.734375,507552.78086814034,661.9581489363246,11.08,0.0014151112651435,46534.52734375,397376.5277335274,591.163133391136,11.85,0.0016140114431705,37758.0546875,489047.7314632605,650.7184542306064,11.31,0.0014437015487789,42905.40234375,971083.8189210587,904.910441941654,10.595171544841847,0.0011661428790019,62899.1796875,139355.2620433353,372.7053387152311,12.703004908069286,0.0029573470557678,13766.3330078125,409367.2639927801,598.5488365447465,11.5330305629154,0.0016891984961926,36114.921875,109193.58169733128,337.37863500339915,12.967820559598842,0.0033992676095465,10852.0029296875
calibrated-T17-msp_jpalmerio-RR_Nor-20230518-200629-V-BIN1-E-060-002.fit,27,64942.94921875,60082.921570729,2460082.921570729,NaN,NaN,0,NaN,1.37663679097,-35,60,NaN,NaN,881771.3160603083,863.0742546101276,10.70580734782307,0.0012099221431535,64369.5078125,691078.4175286434,767.7401842313423,11.04,0.0012055081158082,64942.94921875,409307.51605638955,600.1958703370349,11.83,0.0015909238029481,39359.98828125,534734.3239422445,678.6544992565382,11.06,0.0013770811877991,45300.59375,509204.34756967134,663.129221241161,11.08,0.0014130181766302,48042.64453125,399973.8648757448,592.8386073900954,11.85,0.0016080795470639,38672.90234375,490561.952178398,652.0960940085482,11.31,0.0014422932360056,42575.05859375,978214.7259375469,907.9630125299383,10.593111774834224,0.0011620335291054,63288.08984375,138960.82524788647,371.9427907430459,12.711966304236554,0.0029593234608779,12773.8134765625,412220.27075563243,601.8068438907944,11.531373905189957,0.0016864902935593,33002.62109375,111098.60423310778,338.1152831203349,12.95492575873392,0.003349620330696,10816.2490234375
calibrated-T17-msp_jpalmerio-RR_Nor-20230518-200744-V-BIN1-E-060-003.fit,28,64369.5078125,60082.92243471043,2460082.9224347104,NaN,NaN,0,NaN,1.37272247245,-35,60,NaN,NaN,887023.4773239517,865.5008742852042,10.701062106274172,0.0012066437911045,64369.5078125,693601.5079935489,768.541860460727,11.04,0.0012023788287823,63001.31640625,411376.02177366934,599.9016952567235,11.83,0.0015821547731997,38207.35546875,532504.046308699,678.2606995612254,11.06,0.0013820432154731,51151.4921875,509962.05322228494,663.601319999069,11.08,0.0014119238840596,49861.7890625,400620.9129238953,593.0118258179868,11.85,0.0016059529875162,37655.73046875,491558.8138540827,652.1993819957526,11.31,0.0014395980970281,44502.6875,971973.8486952242,905.0555885335306,10.601763442406671,0.0011644456721355,63288.08984375,140545.335859529,373.25992742933505,12.701358798801609,0.0029370851656633,14257.1650390625,412838.79158112104,601.3770433127079,11.531448647595752,0.0016829415556281,38380.18359375,110423.33329179019,337.9724953368925,12.963247760933903,0.0033679537325655,10432.4267578125
calibrated-T17-msp_jpalmerio-RR_Nor-20230518-200858-V-BIN1-E-060-004.fit,29,66876.6640625,60082.92328865733,2460082.9232886573,NaN,NaN,0,NaN,1.36889093556,-35,60,NaN,NaN,888598.993935651,866.247288157819,10.700687661769505,0.0012054427470673,64667.69140625,693216.9359116108,768.14871302449,11.04,0.0012024304193125,66876.6640625,412421.71036344743,600.7819713595652,11.83,0.0015804601946906,39399.81640625,535766.8473340194,679.2913684991406,11.06,0.001375717960218,54584.375,509170.2369388289,662.8086438070377,11.08,0.0014124300779791,51060.12109375,399185.42364327883,591.7230604060887,11.85,0.0016082236920272,35428.890625,494211.15679328074,653.3701355136692,11.31,0.0014344457680966,43460.9609375,982730.5010404121,909.6084598396402,10.59136611608588,0.0011588491725631,63288.08984375,140574.84025088727,373.77925545742704,12.702683208146153,0.0029402705477188,14981.6767578125,413630.7924962805,601.5327972580852,11.530920049566845,0.0016802318673112,38147.61328125,111060.14629625612,338.1414405140716,12.958556601720279,0.0033507363974023,10794.52734375
calibrated-T17-msp_jpalmerio-RR_Nor-20230518-201010-V-BIN1-E-060-005.fit,30,64667.69140625,60082.924136573914,2460082.924136574,NaN,NaN,0,NaN,1.36512124054,-35,60,NaN,NaN,889307.0968776086,866.640558344235,10.693655036900774,0.0012060282888527,64667.69140625,690771.8343575354,767.0748893919609,11.04,0.0012049983240236,63665.34765625,410315.0489086547,599.552340317717,11.83,0.0015853197654469,40061.69140625,530926.3852544446,676.2136907860234,11.06,0.0013819666028505,52527.33984375,506951.110328714,661.8963875374743,11.08,0.0014166575805924,50045.76953125,396412.0740563677,589.7608945110189,11.85,0.0016141004486657,34563.20703125,491352.9004218563,651.900362039847,11.31,0.0014395411309244,43001.92578125,974376.4726162732,905.9239901775545,10.594467459899644,0.0011636929988624,64568.09375,139882.37708795854,371.54692161925306,12.701876922469094,0.0029376718843945,13951.388671875,412145.90057909995,601.2011487887062,11.528656970955081,0.0016853929083083,37271.29296875,110550.70454624447,338.04239934765354,12.957380645381534,0.0033650640047769,10444.46875
calibrated-T17-msp_jpalmerio-RR_Nor-20230518-201125-V-BIN1-E-060-001.fit,31,64667.69140625,60082.92499434017,2460082.92499434,NaN,NaN,0,NaN,1.36134665281,-35,60,NaN,NaN,897252.6557793651,870.1483014746765,10.677059637057198,0.0012025463508127,64667.69140625,687503.7961980843,765.4614309227013,11.04,0.0012081778638501,56010.55859375,409671.2087306035,598.650623083115,11.83,0.0015854231389936,34737.95703125,527844.6386660768,674.5784829053055,11.06,0.0013866706577789,40388.4921875,504306.5203028284,660.541937658761,11.08,0.0014211694654026,41719.5234375,392754.29357610625,587.2078621232612,11.85,0.0016220744551844,30485.71484375,485369.5927637049,648.7428814698469,11.31,0.0014502213134687,36337.58984375,1002511.8264775646,918.5962623965626,10.556622756678395,0.001152114371207,64568.09375,138975.40409311687,371.7836691393894,12.702001654515243,0.0029582909033262,11511.3818359375,410036.28330436384,599.4440151498894,11.527290797535276,0.0016893848888358,29867.52734375,109639.36656595004,336.3703893779092,12.959430223828193,0.0033762610175987,8515.5732421875
calibrated-T17-msp_jpalmerio-RR_Nor-20230518-201239-V-BIN1-E-060-002.fit,32,64667.69140625,60082.92585127335,2460082.9258512734,NaN,NaN,0,NaN,1.35761293405,-35,60,NaN,NaN,879390.592714346,861.3505964553907,10.70727412728705,0.001210496132757,64667.69140625,690501.8692606825,766.7694060540441,11.04,0.0012049893749073,63665.34765625,411408.7284767143,600.5422342302147,11.83,0.0015837170487959,38907.53515625,532881.9717994086,677.082829605685,11.06,0.0013786668409819,48983.0703125,507962.3891502369,662.5697831731748,11.08,0.0014152765229414,49458.9375,397493.3623108149,589.6584815828419,11.85,0.0016094335948752,37879.88671875,490509.8316325305,651.3646036557835,11.31,0.0014408293947711,45739.546875,984344.8602573733,910.2924555055289,10.584860470959452,0.0011587391840892,64568.09375,140128.97918104174,371.8808870254114,12.701408770270222,0.0029351310140496,13681.876953125,414399.7588765541,601.998461677817,11.524179930794876,0.0016790864899138,37543.703125,109613.16792261868,336.3518449179976,12.968071842274528,0.0033764114312134,9692.3193359375
calibrated-T17-msp_jpalmerio-RR_Nor-20230518-201354-V-BIN1-E-060-003.fit,33,66208.4609375,60082.92671758123,2460082.926717581,NaN,NaN,0,NaN,1.35387540408,-35,60,NaN,NaN,879072.3637588274,861.3256847288004,10.707623560678687,0.001210833745809,64667.69140625,692728.8021742698,768.0642462765389,11.04,0.0012031450058822,66208.4609375,411558.24662734143,600.3057634796888,11.83,0.0015825191801379,41684.53515625,529220.2664328201,675.0992637389978,11.06,0.0013841355740233,46281.54296875,509284.0040514551,662.9455377790437,11.08,0.0014124062286068,49564.65234375,397937.37298004824,590.5416350584632,11.85,0.0016100451861034,37265.65234375,489907.92982646596,651.1630530422299,11.31,0.0014421523405923,45962.546875,981839.2811481772,909.1747382985473,10.587584119915197,0.0011599148865578,64568.09375,140150.8887282942,372.30394043654223,12.701195487860712,0.0029379060502872,13173.0693359375,414745.8495883547,602.0422602510665,11.523230006318219,0.0016779799498739,37563.9375,110939.87154706758,338.7130761602679,12.954965981294333,0.0033599876708345,10626.86328125
calibrated-T17-msp_jpalmerio-RR_Nor-20230518-201507-V-BIN1-E-060-004.fit,34,62805.3515625,60082.92757476866,2460082.9275747687,NaN,NaN,0,NaN,1.35021518524,-35,60,NaN,NaN,880657.5771232002,861.8378895530914,10.702179912626216,0.0012101272762521,62394.71875,691013.2993675914,766.8059837036059,11.04,0.0012041554451004,58241.16796875,409307.3114325694,598.4069154185664,11.83,0.001586186120549,36423.0078125,523481.14720469154,671.4829369923889,11.06,0.0013918097166608,46287.23828125,508904.7951199063,662.7745161718474,11.08,0.0014130935983714,42856.21875,396151.43748340715,589.2201409478909,11.85,0.0016136817640377,35689.4609375,492059.45253246045,652.6664654941338,11.31,0.0014391636303465,41237.19921875,990680.9321535289,913.4232318793563,10.57436309256979,0.0011566197732972,62805.3515625,138781.6844039245,370.7010812722537,12.708367217227728,0.0029536401770363,12501.0830078125,412202.8198302305,600.6272042477281,11.526420206831748,0.0016839008511361,33140.515625,109930.75646616175,336.92741133935016,12.961399561634284,0.0033727010020001,10349.02734375
calibrated-T17-msp_jpalmerio-RR_Nor-20230518-201622-V-BIN1-E-060-005.fit,35,64568.09375,60082.92844016198,2460082.928440162,NaN,NaN,0,NaN,1.34655577039,-35,60,NaN,NaN,902129.902334549,871.9321994702949,10.677541196521165,0.0011983966177978,62394.71875,692038.9627509286,767.4860090779283,11.04,0.0012034374740851,52727.328125,409612.3730978367,598.3856933046545,11.83,0.0015849494890607,31113.41015625,529034.8023357637,674.9088379478554,11.06,0.0013842301899599,41726.5625,508089.18867696717,662.0389942058802,11.08,0.0014137907875819,38982.8671875,395675.69421114767,588.7819756859856,11.85,0.001614420001382,32678.38671875,490688.2445274457,651.8337195523156,11.31,0.0014413424874274,35963.7265625,1005497.3064580306,920.0578065429601,10.55976161353706,0.0011498324877356,64568.09375,139513.37135739322,371.9638380769184,12.70417430833586,0.0029482843540001,12122.7978515625,412412.6728140403,600.212127364328,11.527383887322497,0.0016819599924243,27910.880859375,109714.1539722402,336.26986452839213,12.965057246066955,0.0033726817338519,8439.064453125
calibrated-T17-msp_jpalmerio-RR_Nor-20230518-201736-V-BIN1-E-060-001.fit,36,62805.3515625,60082.92929443298,2460082.929294433,NaN,NaN,0,NaN,1.34298006498,-35,60,NaN,NaN,895288.8435807788,868.7312311150447,10.685254503060543,0.0012021378174579,61357.671875,692221.3323878673,768.1651583852469,11.04,0.0012041846499659,58651.30078125,409513.0795131293,598.5869305006345,11.83,0.0015858662659749,34919.34765625,525057.6302360774,672.6288636210111,11.06,0.0013900000499763,42743.3828125,509120.6354222411,663.0549945077414,11.08,0.0014130922730382,44661.234375,397300.071435813,589.7407044537016,11.85,0.0016104403862865,32701.0078125,490390.40445626853,651.0356655556641,11.31,0.0014404527431389,36423.390625,999068.6598128618,916.9563114971802,10.566174095679001,0.001152569005373,62805.3515625,140006.82327226747,373.7951073821403,12.69978943059838,0.0029522447107134,12703.9453125,413530.6751972118,600.9501177685464,11.52389310845961,0.0016798602691542,32797.5078125,109676.39590672328,336.89776411639843,12.964879508253631,0.0033799552572686,9129.2607421875
calibrated-T17-msp_jpalmerio-RR_Nor-20230518-201849-V-BIN1-E-060-002.fit,37,64568.09375,60082.93014572933,2460082.9301457293,NaN,NaN,0,NaN,1.33945152053,-35,60,NaN,NaN,876897.812262348,859.9820243213863,10.711969337756507,0.0012113647002661,62394.71875,696397.2389361718,769.546740512014,11.04,0.0011991194198463,61991.27734375,410785.88598018035,599.3852447292084,11.83,0.0015830630164746,35748.46484375,529164.0390117962,674.6247158723244,11.06,0.0013833101196715,49474.80859375,509625.811770522,663.1555738060723,11.08,0.0014119064299853,45363.8203125,396904.7346909401,589.3881307710654,11.85,0.0016110802365786,37753.9375,492386.7539889089,653.0095476745253,11.31,0.0014389631274045,44434.40234375,985082.0620358652,911.213782218203,10.585660777174565,0.0011586572200208,64568.09375,139259.46119262793,372.29229847769636,12.709780027896272,0.0029557384361842,14036.580078125,415748.01923035324,603.0466356592133,11.522266332279905,0.001676644043248,33606.90625,110045.42367296519,336.79993637545687,12.965411837239332,0.0033677944578992,10160.8173828125
calibrated-T17-msp_jpalmerio-RR_Nor-20230518-202004-V-BIN1-E-060-003.fit,38,63351.1015625,60082.93101447914,2460082.931014479,NaN,NaN,0,NaN,1.33588541143,-35,60,NaN,NaN,898681.1555297989,870.978878244574,10.687399533760003,0.0012001832926132,61409.79296875,694577.740055302,768.3672456260134,11.04,0.0012004171648619,63351.1015625,410670.05150761217,599.8647341738904,11.83,0.001584775046934,38855.40625,531907.8165244489,676.5115491423727,11.06,0.0013800255538877,46914.04296875,509613.6377189583,663.6986433320009,11.08,0.0014130956467853,48964.74609375,401751.732194251,593.0541194781415,11.85,0.0016015501393952,34064.0625,492540.95065150654,652.8301043277959,11.31,0.0014381179050926,41779.78125,994948.3661236772,915.0352099082053,10.576912263471515,0.0011534364417921,62805.3515625,139430.4499448824,371.8351510094822,12.71051954927375,0.002948692289356,13430.583984375,415369.3225597351,603.1737481117855,11.525327575867207,0.0016781537903837,35520.66015625,109095.52803328133,335.6206488812901,12.976896249740086,0.0033846115482789,9276.380859375
calibrated-T17-msp_jpalmerio-RR_Nor-20230518-202119-V-BIN1-E-060-004.fit,39,64371.58203125,60082.93187129637,2460082.9318712964,NaN,NaN,0,NaN,1.33241046936,-35,60,NaN,NaN,890070.5430871093,866.3943080768108,10.69535043142039,0.0012045689746088,64371.58203125,693748.3474383658,768.5329481062975,11.04,0.0012021105402983,63163.69140625,408712.1785655919,598.2390662861214,11.83,0.0015880488685368,36804.9140625,529942.3030840791,675.3545241774194,11.06,0.0013827732221389,45112.09375,508696.37983850925,662.6621987058521,11.08,0.0014134327597687,45179.1640625,400517.82976192166,592.4115463400007,11.85,0.0016047411618498,36278.77734375,492444.7193915761,653.0272154163756,11.31,0.0014388327620473,44049.1953125,989853.2565936272,912.9719568106851,10.579984461535426,0.0011563074785149,62805.3515625,139728.24821351402,371.8375207697061,12.705700966390578,0.0029428259815242,12455.5810546875,415533.9198288056,602.5799168447976,11.522395300103625,0.001676378702385,35555.359375,109687.52916919465,336.24928452341607,12.96851836803749,0.0033731478331194,9601.6513671875
calibrated-T17-msp_jpalmerio-RR_Nor-20230518-202232-V-BIN1-E-060-005.fit,40,64496.0859375,60082.93271747697,2460082.932717477,NaN,NaN,0,NaN,1.32899909315,-35,60,NaN,NaN,895665.1966369771,869.3310487765467,10.685306910926785,0.0012024030923186,64371.58203125,687840.6524417066,765.8716187002454,11.04,0.0012082332611491,57543.78515625,409034.69281976053,598.3674205466172,11.83,0.0015871378480358,34257.65625,525624.699044704,672.8392429843395,11.06,0.0013889354170667,46410.32421875,508248.3500931438,662.3099586957505,11.08,0.0014139264272013,45550.78515625,402912.20705974643,594.7304568558927,11.85,0.0016014513308437,39545.24609375,491359.5981606087,652.0573014881074,11.31,0.001439867844323,38384.97265625,987505.437772149,912.0405925808745,10.57932241877433,0.0011579973784434,64496.0859375,140215.31288729908,371.88935413528435,12.698682544630783,0.0029336083198909,13107.73046875,414084.71164547524,601.3099359689686,11.522948167518715,0.0016787779158958,34218.59765625,110061.22985194133,336.87930581825174,12.96158525467839,0.0033683298346129,10047.78125
calibrated-T17-msp_jpalmerio-RR_Nor-20230518-202726-V-BIN1-E-060-001.fit,41,65622.3515625,60082.93612303259,2460082.9361230326,NaN,NaN,0,NaN,1.31553835595,-35,60,NaN,NaN,888219.262203735,866.273410117895,10.69611466198407,0.0012064385596425,63365.44140625,685219.1179176713,763.7479097589616,11.04,0.0012094918947273,65622.3515625,413758.08854770125,601.4394047206914,11.83,0.0015770818986974,48172.1875,526181.2514596609,672.6785387379556,11.06,0.0013871360727074,53569.91015625,516378.9406886881,667.7058281332967,11.08,0.0014030085989481,54278.83203125,396529.8336870054,589.2064676497303,11.85,0.0016121056366865,43114.66015625,491815.8326226784,651.6971442183574,11.31,0.0014377389976251,53714.109375,959795.3036212606,899.2327794379889,10.611968578568852,0.0011700836557998,63696.61328125,140809.09241716182,372.3476557108329,12.695838381802197,0.0029250163270586,15684.0146484375,415975.6847822276,603.3317977781237,11.51974526656755,0.0016767005827149,42950.5234375,110963.28518603597,336.9210845838625,12.954466864938494,0.0033420500435358,12009.853515625
calibrated-T17-msp_jpalmerio-RR_Nor-20230518-202843-V-BIN1-E-060-002.fit,42,65102.4453125,60082.937013321556,2460082.9370133216,NaN,NaN,0,NaN,1.31213247803,-35,60,NaN,NaN,915573.764788746,878.6982508705356,10.664450560399994,0.0011914834145383,63365.44140625,696574.7559326306,769.6798352172535,11.04,0.0011990212245772,65102.4453125,413468.54482017946,601.2873326044165,11.83,0.0015777867456654,43317.3125,521534.1305871802,670.1497916237773,11.06,0.0013942305537818,46489.8828125,515809.96570422983,666.5904615253762,11.08,0.0014022104969641,47262.96875,396520.2291349276,589.5479860912108,11.85,0.0016130784008566,37847.15625,489518.1974968954,650.5407446210218,11.31,0.0014419213264003,44925.79296875,969476.1492233102,903.6723820874929,10.602341086847318,0.0011654103027532,63696.61328125,140616.3737751047,372.7174134700109,12.698594174421093,0.0029315848559327,13039.2724609375,413212.5766334849,601.3003241683866,11.528250081399229,0.0016814455772982,40038.2734375,109974.92880099415,336.6327839724285,12.965449686034509,0.0033682880643502,10844.884765625
calibrated-T17-msp_jpalmerio-RR_Nor-20230518-202957-V-BIN1-E-060-003.fit,43,63696.61328125,60082.93786040507,2460082.937860405,NaN,NaN,0,NaN,1.3089241049,-35,60,NaN,NaN,913588.9866203968,877.1984846768698,10.67055472148242,0.001191401049139,63365.44140625,699645.6389161976,771.6332738571858,11.04,0.0011967894591097,59512.41796875,415003.9167567602,602.2006721467525,11.83,0.0015743397260552,36428.9765625,523387.5658842585,670.8315857401367,11.06,0.0013907089530097,45823.23046875,515719.09088736476,667.122934899482,11.08,0.0014035769819458,41349.703125,397480.59391069453,589.9743017786718,11.85,0.0016103466558581,35636.60546875,492678.46705178777,652.4352990528304,11.31,0.0014368478653648,42641.8984375,995233.505392339,914.8845479412716,10.577619388963553,0.0011528076302843,63696.61328125,140952.96828619574,372.63715738787977,12.699746295237077,0.0029240573735898,12926.0068359375,417621.2563812193,603.5870613372773,11.520475371230312,0.0016710288901111,36336.0546875,110213.81150726124,336.7379534778908,12.966841805716196,0.0033620536281418,10304.9501953125
calibrated-T17-msp_jpalmerio-RR_Nor-20230518-203110-V-BIN1-E-060-004.fit,44,64079.5234375,60082.93871561345,2460082.9387156134,NaN,NaN,0,NaN,1.30571944272,-35,60,NaN,NaN,928377.7488725492,884.2470132777623,10.656818353457385,0.0011835554678977,63911.6171875,701882.4408808094,772.5372936093156,11.04,0.0011943744358864,62478.921875,413978.5702587045,601.1173207091432,11.83,0.0015753990663536,36616.875,525593.0092914922,672.7096246632215,11.06,0.0013887516921791,46415.2734375,520201.96920701384,669.7646096251292,11.08,0.0013969957814669,44413.7578125,400291.1042167546,591.6652466627576,11.85,0.0016036281693276,32880.0234375,492354.22676386393,652.0931250725096,11.31,0.0014370399150393,41440.28125,997574.1978467113,916.3482882601775,10.57876714148815,0.0011515986805823,64079.5234375,141922.6025205299,374.1318679762797,12.696001244370466,0.0029158430759374,13386.8486328125,415776.54373255075,602.9888771437235,11.528980198775066,0.0016757035495689,36229.08203125,110555.35009197862,336.8213005143956,12.967180750111153,0.0033526007932559,9210.765625
calibrated-T17-msp_jpalmerio-RR_Nor-20230518-203225-V-BIN1-E-060-005.fit,45,64591.8828125,60082.93957928242,2460082.9395792824,NaN,NaN,0,NaN,1.30251292181,-35,60,NaN,NaN,904052.2998598008,872.7352146862111,10.68478003747799,0.0011958938174499,63365.44140625,691154.316831861,766.9720564889711,11.04,0.0012041704902942,64591.8828125,417156.9590370388,603.0563677327893,11.83,0.0015684439671625,45932.44921875,528098.1546555256,673.88238121893,11.06,0.0013845760888022,56133.33984375,521341.1842721232,670.0827178622658,11.08,0.001394606714375,52644.41796875,399475.5599452506,591.5932789836897,11.85,0.0016067043026498,38615.3515625,494639.2993821462,653.7225895833488,11.31,0.0014339775987569,51726.234375,977324.3824768506,906.7655804256066,10.600167091424748,0.0011603820289036,64233.7109375,141668.39501092234,373.1439800963908,12.697081491533014,0.0029135059042309,16219.115234375,421858.3486588316,606.206399942639,11.51234730509274,0.001662268888364,47114.953125,110541.72257792162,338.9980575360018,12.966448356009273,0.003374037830776,11420.8671875
calibrated-T17-msp_jpalmerio-RR_Nor-20230518-203339-V-BIN1-E-060-001.fit,46,66020.859375,60082.940430891234,2460082.9404308912,NaN,NaN,0,NaN,1.29938634189,-35,60,NaN,NaN,910212.8313351534,876.5662826030133,10.678937379873856,0.0011935202248709,63911.6171875,698578.4188579926,770.9287320586068,11.04,0.001197522991715,66020.859375,415820.9254318663,602.7826905293148,11.83,0.0015727661765884,42529.3125,524907.997677181,672.6082009950438,11.06,0.0013903533513083,51378.38671875,519608.5091043686,668.9465793068788,11.08,0.0013968832063935,48411.6328125,402180.82863840356,593.2464949083592,11.85,0.0016003612412765,40093.75390625,495074.81832281174,653.5839003147895,11.31,0.0014324132009896,50390.28515625,966058.3769830375,902.1732737139305,10.614286336711478,0.001165925608714,64079.5234375,141573.40972179937,372.80710004154037,12.699340533746188,0.0029127882072276,14049.736328125,417121.459034141,603.6355904618189,11.526138431283458,0.0016724803831536,42841.19140625,110849.60619857039,337.6452663419591,12.964959377133434,0.0033518822468483,11752.49609375
calibrated-T17-msp_jpalmerio-RR_Nor-20230518-203453-V-BIN1-E-060-002.fit,47,65479.109375,60082.94128772011,2460082.94128772,NaN,NaN,0,NaN,1.29626910831,-35,60,NaN,NaN,928493.6942938863,883.8057681714018,10.658914984328268,0.0011826826976508,64215.66015625,704302.7054240159,774.0467024968686,11.04,0.001192596655316,65479.109375,418424.3255326014,604.3365801071109,11.83,0.0015670138585945,39891.2734375,527627.2239731785,673.4622290143932,11.06,0.0013849476212868,51472.87890625,519013.49120313977,668.3328171769226,11.08,0.0013972013273601,46542.51953125,399892.7354826336,591.9063142505324,11.85,0.0016058780535484,37192.390625,491326.7922862178,651.6477689595048,11.31,0.0014390601327361,43809.8359375,980418.5724382892,908.215648419321,10.599833556796298,0.001158592198658,64233.7109375,139884.33495954008,371.91906911282615,12.71393967480637,0.0029397042211969,14815.341796875,421874.6982101158,606.3733557305769,11.515403682199123,0.0016623176106879,40776.61328125,110574.80263603848,336.8474974155444,12.969221948765938,0.0033521728335099,11065.7001953125
calibrated-T17-msp_jpalmerio-RR_Nor-20230518-203607-V-BIN1-E-060-003.fit,48,64317.18359375,60082.94215092575,2460082.9421509258,NaN,NaN,0,NaN,1.29316393698,-35,60,NaN,NaN,920265.0909984978,880.5444744246038,10.640789183526397,0.0011912222192355,63365.44140625,684051.3804814203,762.8137947705557,11.04,0.0012100744667334,64317.18359375,405045.6728661688,595.2428553794782,11.83,0.0015943937989019,40283.97265625,514949.94729748834,665.9911656786857,11.06,0.0014032888751265,45597.29296875,506092.73916798446,661.1670374524759,11.08,0.0014174961139448,47140.46484375,391472.7075264962,585.5305448737702,11.85,0.0016227357284996,38086.6484375,481629.2258517078,645.7934286028541,11.31,0.0014548362343664,40094.40625,957704.8704798965,898.4046316114619,10.597492313294463,0.0011735330991418,62593.796875,137879.31612136227,370.36152762460983,12.701823751827979,0.0029702995864925,14311.814453125,408636.47925092804,597.5418757497489,11.52222871898894,0.0016904137164298,37739.4375,107471.1886028811,333.6605840791658,12.972341423237593,0.0034157063868731,10544.1982421875
calibrated-T17-msp_jpalmerio-RR_Nor-20230518-203720-V-BIN1-E-060-004.fit,49,65549.078125,60082.94299410889,2460082.942994109,NaN,NaN,0,NaN,1.29016010819,-35,60,NaN,NaN,924029.5545643256,881.8982514666427,10.667169908745436,0.0011846133260816,64226.8359375,701167.0837416532,771.8914418934024,11.04,0.0011945933293086,65549.078125,418408.7248612944,604.3931707697976,11.83,0.0015672188799979,44812.81640625,531390.2202444465,675.8737783039523,11.06,0.0013800674647511,52258.56640625,518828.04258879565,667.9866853478982,11.08,0.0013969770099479,51939.25,402846.23292858835,593.7836424180445,11.85,0.0015991653468375,41555.09765625,496478.0844508015,654.7519982077818,11.31,0.0014309183555365,51554.55859375,972334.299584956,904.7240559600327,10.611845549061606,0.0011619830708388,64600.55078125,142911.95764549274,374.5458981666707,12.693713143150358,0.0028992303590412,13971.6826171875,421853.5763289499,606.2543763404835,11.518480225867725,0.0016617686597842,46028.80078125,110684.20253254646,337.6019080740831,12.971170463091099,0.0033560644846711,12005.8505859375
calibrated-T17-msp_jpalmerio-RR_Nor-20230518-203834-V-BIN1-E-060-005.fit,50,65603.484375,60082.94386065984,2460082.94386066,NaN,NaN,0,NaN,1.28710339357,-35,60,NaN,NaN,930507.2903470424,885.1138532724527,10.656177794005831,0.0011820661145668,64270.203125,702793.3455334553,772.614722348642,11.04,0.0011929467204029,65603.484375,414884.78810582,602.365976657442,11.83,0.0015752234170341,41386.72265625,528420.7774482856,674.0805905034713,11.06,0.0013841380242442,50187.203125,516322.62784901593,666.8490515986422,11.08,0.0014013621936961,45141.17578125,400449.42158962006,591.8055880323301,11.85,0.0016033745892518,38876.89453125,496630.8420932371,654.7419228224074,11.31,0.0014304565143219,49785.21875,975226.7140059782,906.1503818382148,10.605213271159453,0.0011612441216822,63385.80859375,141929.4399650366,373.6182638352411,12.697796021485788,0.0029117427139948,14283.7626953125,419430.4749261202,604.96345405338,11.52132728876962,0.0016674201903793,40734.109375,111558.42441493183,337.8070429283453,12.959221314443433,0.0033327059632597,12031.056640625
calibrated-T17-msp_jpalmerio-RR_Nor-20230518-203950-V-BIN1-E-060-001.fit,51,63385.80859375,60082.944732175674,2460082.9447321757,NaN,NaN,0,NaN,1.28406155373,-35,60,NaN,NaN,990532.1463635777,912.1128731069422,10.591763102843357,0.001152953081563,62473.67578125,706095.9487591806,774.7566451096751,11.04,0.0011906599795478,48254.9140625,416792.71153934434,602.9971129997172,11.83,0.001569659552043,31012.009765625,529941.7812728528,675.0004612290753,11.06,0.001382050107377,36015.74609375,518313.80279944063,668.6155261472315,11.08,0.0013996776804052,34172.63671875,401692.5337731183,592.7450381373642,11.85,0.0016009518039639,29748.376953125,496422.88186212524,654.5867784743843,11.31,0.0014307164904926,34293.2109375,1028757.054988008,930.0515528680048,10.550652472867654,0.0011372184290257,63385.80859375,140867.9799263569,372.63906612263526,12.709403822229538,0.0029252442094544,10749.3212890625,418076.6692783951,603.9838633090163,11.528294708002877,0.0016694791781747,28769.146484375,110322.86289643381,337.4254384921992,12.97477073086428,0.0033650257495961,8319.1982421875
calibrated-T17-msp_jpalmerio-RR_Nor-20230518-204105-V-BIN1-E-060-002.fit,52,64270.203125,60082.94559954852,2460082.9455995485,NaN,NaN,0,NaN,1.28106615971,-35,60,NaN,NaN,954444.2201666468,896.0173143894436,10.629806491426665,0.0011701779802406,64270.203125,704064.6308083899,773.3658315408728,11.04,0.0011919508854636,60285.109375,416930.52496537636,604.5169950145996,11.83,0.0015730933155588,38313.37890625,531175.593150744,675.3393345190374,11.06,0.0013795337123732,46233.76953125,515925.08339501004,666.5352090786175,11.08,0.001401781699739,46254.5234375,399325.3322655531,591.09659957406,11.85,0.0016059598656829,36429.08984375,495479.8706074731,654.1246582776613,11.31,0.0014324263735592,41477.26171875,1002030.1525202211,917.724159381463,10.57698089660268,0.0011486024599949,63385.80859375,142289.9256519656,373.3533825478072,12.696247491157354,0.002902634918563,12909.6884765625,415468.92101860495,602.6935636711785,11.532836516988738,0.0016757638784915,38616.11328125,110513.04632254578,336.6418606692262,12.970648995970267,0.0033519587783615,10866.158203125
calibrated-T17-msp_jpalmerio-RR_Nor-20230518-204219-V-BIN1-E-060-003.fit,53,65007.67578125,60082.94645544002,2460082.94645544,NaN,NaN,0,NaN,1.27814043781,-35,60,NaN,NaN,942290.6647098791,890.4750141118418,10.644477520553949,0.0011758897387494,64270.203125,700233.0419980064,771.349859044406,11.04,0.0011953471022944,65007.67578125,417577.0147078964,603.1048417907259,11.83,0.0015669932060882,40518.828125,530714.8003187665,675.1544436064326,11.06,0.0013803529613374,52141.66015625,518889.9714928981,669.0376661614384,11.08,0.0013990066542249,49152.76171875,401444.16864833154,592.2209190407509,11.85,0.0016005261182325,38554.5390625,496177.9392126061,654.7753554727229,11.31,0.0014318344113339,46479.1484375,983942.2638991745,909.8186477862874,10.597515703248112,0.0011566977633833,64600.55078125,141954.44190430306,373.86368708913784,12.699567275477099,0.002912963314299,15006.224609375,420018.4753372101,605.0054305805623,11.521768756711435,0.0016652532703256,42042.21484375,111054.164470899,337.47561006837543,12.96610261950196,0.0033440770798488,11865.4951171875
calibrated-T17-msp_jpalmerio-RR_Nor-20230518-204333-V-BIN1-E-060-004.fit,54,65918.3515625,60082.947311354335,2460082.9473113543,NaN,NaN,0,NaN,1.27524555238,-35,60,NaN,NaN,945905.5254876809,891.906667521659,10.641955492575343,0.0011736554323709,64270.203125,706573.890306636,774.6978088041018,11.04,0.0011897647229888,65918.3515625,416661.06475341774,602.4761771394795,11.83,0.001568799642973,39526.7421875,531960.3928572672,676.8156464995388,11.06,0.0013805091227214,51216.328125,516923.51236268843,667.2320501685,11.08,0.0014005376717639,49108.5234375,401611.8100016191,592.2326461658689,11.85,0.0015998901733844,39423.72265625,495925.7962847726,654.0068231056756,11.31,0.0014308815773198,49131.7421875,984998.101036603,910.4894795530798,10.597986415497369,0.0011561516419595,63385.80859375,141905.5220137467,373.36248258370773,12.701576659511888,0.0029100770697135,14840.4248046875,415921.42823531147,602.4095199981344,11.534046659181644,0.0016731655523662,41692.3125,111526.75118623913,338.09670935106294,12.963127270486913,0.0033361972413764,11992.251953125
calibrated-T17-msp_jpalmerio-RR_Nor-20230518-204446-V-BIN1-E-060-005.fit,55,64600.55078125,60082.94816840254,2460082.9481684025,NaN,NaN,0,NaN,1.27237440784,-35,60,NaN,NaN,957910.9345842163,897.2706036037193,10.62279692337106,0.0011686642434545,64226.8359375,695448.6614383986,768.9591578160797,11.04,0.0011998377676668,63075.078125,417008.8618489862,603.2800670522189,11.83,0.0015695821732868,45766.71875,528605.7033974219,675.2399555044467,11.06,0.0013860323663331,51478.875,514533.9816457781,666.0334375934294,11.08,0.0014045116892589,51416.9375,401194.68154624046,592.0673361381085,11.85,0.0016011056660457,38851.46875,497452.01483590505,655.2886086084683,11.31,0.0014292883540221,47607.25,965697.5185001552,901.5943260833818,10.61400696174325,0.0011657643096611,64600.55078125,142247.22591999284,374.19980925246836,12.693500236262782,0.0029099702700638,15229.0673828125,417257.78952354926,603.7678907459635,11.525098617808816,0.001672374039963,40339.7578125,110368.17610168511,336.78421436045727,12.96900008620053,0.0033577569323054,9911.455078125
calibrated-T17-msp_jpalmerio-RR_Nor-20230518-204602-V-BIN1-E-060-001.fit,56,65737.75,60082.94902916672,2460082.9490291667,NaN,NaN,0,NaN,1.26952233164,-35,60,NaN,NaN,959632.5017952097,898.3664223395467,10.618077331974892,0.0011685403760868,64270.203125,700249.5130487066,771.728929275917,11.04,0.001195906102346,65737.75,414191.45033065655,601.2543529604632,11.83,0.0015749486399646,41470.01171875,529026.0523351189,674.7076658052589,11.06,0.0013838407245901,48833.765625,512236.80881357903,664.741277098657,11.08,0.0014080709520453,49969.96875,398370.1468244056,590.2628450687353,11.85,0.0016075386878623,38697.42578125,492387.5505507328,652.5449113972342,11.31,0.0014379376141101,46355.03125,972512.3962140821,905.7123113359644,10.603601839125105,0.0011639751625078,63854.41796875,141078.3384738646,372.7567917571008,12.699688863148456,0.0029224017971433,13400.91796875,415004.1618350165,602.1789995091478,11.528208573588076,0.0016767421598945,43145.8984375,110925.33277448347,337.87672808285157,12.960762852968752,0.0033520493712034,11054.8828125
calibrated-T17-msp_jpalmerio-RR_Nor-20230518-204715-V-BIN1-E-060-002.fit,57,64600.55078125,60082.949883680325,2460082.9498836803,NaN,NaN,0,NaN,1.2667199837,-35,60,NaN,NaN,975426.5198769676,905.1282609903408,10.60783244566605,0.001159636846906,64226.8359375,698958.7372836642,770.9220733922499,11.04,0.0011968614208852,63749.08203125,415439.7137587622,601.7113756115921,11.83,0.0015714125283168,43827.3671875,532966.0636021222,676.3129267107105,11.06,0.0013768830267178,50487.7265625,518289.2403944401,668.6817958595088,11.08,0.0013998826162027,46943.796875,404443.60166238295,594.24971868358,11.85,0.0015941033552276,39597.5625,497422.2902312033,655.2735225451714,11.31,0.0014293408228045,51496.30859375,972666.4077025652,905.3034191797924,10.610909050154211,0.0011622872707379,64600.55078125,142235.64460852306,373.9716870727649,12.698297729887381,0.0029081892784035,14431.068359375,417731.1726640906,603.9928564732354,11.528576630294086,0.0016707198739919,42266.91796875,111185.82389015598,337.73169643610953,12.965695296799982,0.0033426499784903,11909.544921875
calibrated-T17-msp_jpalmerio-RR_Nor-20230518-204829-V-BIN1-E-060-003.fit,58,64270.203125,60082.9507375001,2460082.9507375,NaN,NaN,0,NaN,1.26395032027,-35,60,NaN,NaN,997444.6869606581,914.9586910194994,10.582761129804885,0.0011497931263927,64270.203125,702989.7097729425,772.6912430347583,11.04,0.0011927317337544,58378.49609375,416347.65074184793,602.8495186323969,11.83,0.0015709519139175,37409.3828125,533763.2242401594,677.410596522946,11.06,0.0013770579510197,43417.30078125,515377.48817241593,666.4046406314363,11.08,0.0014029954378907,42972.18359375,399382.58579080063,591.2420273598702,11.85,0.0016061245797568,37751.54296875,497298.91463491117,655.0672213667349,11.31,0.0014292453787398,43134.94921875,993659.6577921405,914.5412576077528,10.586889038184339,0.0011526807948694,63854.41796875,141403.2307735565,373.40939929578957,12.703834852369287,0.0029204581145486,13222.2412109375,416709.3314406447,602.813812195322,11.530400118663454,0.0016715528269552,37339.50390625,110889.43627160112,338.194015198521,12.96775774400339,0.0033558049050453,10666.755859375
calibrated-T17-msp_jpalmerio-RR_Nor-20230518-204944-V-BIN1-E-060-004.fit,59,64921.64453125,60082.95159975672,2460082.9515997567,NaN,NaN,0,NaN,1.26118112438,-35,60,NaN,NaN,981978.1064483797,908.5621799233337,10.596151862393834,0.0011577160027724,64226.8359375,698254.6963174749,770.4750926332599,11.04,0.0011973732779538,64921.64453125,413744.74384848785,600.4527467132481,11.83,0.0015745473257681,40939.57421875,530796.7183069354,675.3101669724451,11.06,0.0013804581914314,49691.22265625,514703.5301359788,665.9790949509644,11.08,0.0014039348436798,46661.5,401897.18315017223,592.6006707883702,11.85,0.0015997477484334,35621.78125,495681.5715049952,654.5257812009573,11.31,0.001432721337683,44232.1171875,987541.3967646888,911.3428942088121,10.590018100560954,0.0011554625755041,64600.55078125,141207.54794226395,373.3399163428323,12.701761596248378,0.0029240044730175,14292.900390625,415525.35619023925,602.9564245910356,11.529912549134009,0.0016764192678377,40946.41796875,110699.11160905793,337.44021405386593,12.966046036356794,0.0033542950769091,11002.0498046875
calibrated-T17-msp_jpalmerio-RR_Nor-20230518-205058-V-BIN1-E-060-005.fit,60,64521.8203125,60082.952462048735,2460082.9524620487,NaN,NaN,0,NaN,1.25844077217,-35,60,NaN,NaN,970042.9960007278,902.9779329731872,10.606712726254953,0.0011633773346141,64270.203125,691557.9599363283,766.6682733562467,11.04,0.0012029916319646,64521.8203125,416362.4063447904,603.0113826108856,11.83,0.0015713177583744,48035.15234375,531319.0865668226,675.726159982808,11.06,0.0013799508416948,54094.25,514310.7991518776,665.7234056186164,11.08,0.001404467128621,52109.66015625,398908.3656893033,590.4754798765662,11.85,0.0016059492396914,40723.8359375,494986.48224708746,653.4658367332635,11.31,0.0014324100361134,49994.6015625,953627.0096562328,896.131116646848,10.62524382912983,0.0011717157839085,63854.41796875,140514.4490551552,372.1038657243255,12.704387724706892,0.0029286552023945,15632.6748046875,417448.4320273851,603.5050115512374,11.5221831015892,0.0016712067573018,40980.03515625,111059.2706978883,337.10447662158765,12.959803143880647,0.0033406579093333,10570.525390625
